<configuration scan="true" scanPeriod=" 5 seconds">
	<jmxConfigurator />
	
	<appender name="STDOUT" class="ch.qos.logback.core.ConsoleAppender">
		<encoder>
			<pattern>%d{yyyy-MM-dd HH:mm:ss.SSS} [%X{requestURIWithQueryString}] %-5level %logger{56} - %msg%n</pattern>
		</encoder>
	</appender>
	<appender name="ERROR-ROOT" class="ch.qos.logback.core.rolling.RollingFileAppender">
		<append>true</append>
        <file>../logs/error.log</file>
        <rollingPolicy class="ch.qos.logback.core.rolling.TimeBasedRollingPolicy">
          <!-- daily rollover -->
          <fileNamePattern>../logs/%d{yyyy-MM-dd}/manager-%d{yyyy-MM-dd}-%i.log</fileNamePattern>
		  <timeBasedFileNamingAndTriggeringPolicy class="ch.qos.logback.core.rolling.SizeAndTimeBasedFNATP">
            <!-- or whenever the file size reaches 100MB -->
            <maxFileSize>30MB</maxFileSize>
          </timeBasedFileNamingAndTriggeringPolicy>
          <!-- keep 180 days' worth of history -->
          <maxHistory>180</maxHistory>
        </rollingPolicy>
        <encoder>
          <pattern>%d{yyyy-MM-dd HH:mm:ss.SSS} [%X{requestURIWithQueryString}] %-5level %logger{56} - %msg%n</pattern>
        </encoder>
	</appender>
	
	<appender name="WARN-ROOT" class="ch.qos.logback.core.rolling.RollingFileAppender">
		<append>true</append>
        <file>../logs/warn.log</file>
        <rollingPolicy class="ch.qos.logback.core.rolling.TimeBasedRollingPolicy">
          <!-- daily rollover -->
          <fileNamePattern>../logs/%d{yyyy-MM-dd}/manager-%d{yyyy-MM-dd}-%i.log</fileNamePattern>
		  <timeBasedFileNamingAndTriggeringPolicy class="ch.qos.logback.core.rolling.SizeAndTimeBasedFNATP">
            <!-- or whenever the file size reaches 100MB -->
            <maxFileSize>30MB</maxFileSize>
          </timeBasedFileNamingAndTriggeringPolicy>
          <!-- keep 180 days' worth of history -->
          <maxHistory>180</maxHistory>
        </rollingPolicy>
        <encoder>
          <pattern>%d{yyyy-MM-dd HH:mm:ss.SSS} [%X{requestURIWithQueryString}] %-5level %logger{56} - %msg%n</pattern>
        </encoder>
	</appender>
	
	<logger name="com.globalegrow.cs.statistic.deployer" additivity="false">  
     	<!-- <level value="error" />  --> 
        <appender-ref ref="STDOUT" />
    </logger>
    
	<root level="WARN">
		<appender-ref ref="WARN-ROOT" />
	</root>
	<root level="ERROR">
		<appender-ref ref="ERROR-ROOT" />
	</root>
</configuration>